Date,Adjusted Close,Open,High,Low,Volume
11/7/2024,$107.63,$106.10,$107.73,$105.59,"8,046,110"
11/6/2024,$105.36,$108.27,$108.75,$105.03,"12,044,632"
11/5/2024,$110.13,$107.98,$110.30,$107.75,"6,604,271"
11/4/2024,$109.72,$110.19,$110.66,$109.44,"6,215,011"
11/1/2024,$111.94,$112.80,$113.02,$111.81,"706,971"
10/31/2024,$111.95,$110.21,$112.16,$109.72,"993,698"
10/30/2024,$113.24,$108.50,$113.74,$107.24,"1,444,355"
10/29/2024,$111.98,$111.71,$113.25,$111.15,"997,794"
10/28/2024,$112.36,$112.19,$112.72,$111.68,"753,266"
10/25/2024,$113.38,$113.86,$114.18,$113.10,"761,425"
10/24/2024,$113.92,$115.06,$115.25,$113.91,"790,997"
10/23/2024,$115.74,$116.35,$116.42,$114.98,"584,497"
10/22/2024,$116.47,$114.84,$116.65,$114.78,"820,492"
10/21/2024,$117.33,$117.64,$117.83,$116.89,"720,153"
10/18/2024,$118.09,$117.65,$118.26,$117.16,"584,129"
10/17/2024,$118.22,$118.52,$119.04,$118.12,"456,380"
10/16/2024,$118.03,$116.77,$118.06,$116.48,"516,603"
10/15/2024,$117.81,$118.38,$119.04,$117.31,"648,580"
10/14/2024,$119.78,$119.68,$120.42,$119.56,"517,304"
10/11/2024,$120.04,$119.91,$120.55,$119.48,"675,434"
10/10/2024,$117.53,$118.12,$118.41,$117.12,"527,696"
10/9/2024,$117.00,$116.60,$117.16,$115.85,"861,579"
10/8/2024,$117.20,$117.43,$117.88,$116.60,"730,510"
10/7/2024,$117.77,$117.08,$118.48,$117.08,"770,566"
10/4/2024,$115.12,$114.29,$115.15,$113.84,"908,014"
10/3/2024,$115.08,$116.26,$116.33,$115.03,"817,520"
10/2/2024,$116.48,$116.79,$116.79,$115.40,"1,080,512"
10/1/2024,$118.01,$118.84,$118.89,$117.36,"566,614"
9/30/2024,$119.07,$117.52,$119.11,$117.50,"1,046,866"
9/27/2024,$120.76,$120.37,$121.32,$119.15,"1,272,802"
9/26/2024,$124.30,$125.60,$125.60,$124.00,"655,399"
9/25/2024,$126.95,$127.36,$127.59,$126.41,"457,372"
9/24/2024,$125.44,$124.35,$126.65,$123.80,"633,457"
9/23/2024,$123.70,$124.18,$124.64,$122.95,"974,482"
9/20/2024,$127.51,$129.00,$129.42,$126.15,"1,307,763"
9/19/2024,$134.88,$134.70,$135.19,$133.65,"446,436"
9/18/2024,$132.06,$132.71,$133.26,$131.30,"459,246"
9/17/2024,$132.00,$133.30,$135.15,$131.82,"550,909"
9/16/2024,$136.90,$138.13,$138.14,$136.77,"343,010"
9/13/2024,$137.00,$137.03,$137.86,$136.48,"483,478"
9/12/2024,$136.66,$135.16,$136.96,$134.68,"373,734"
9/11/2024,$135.23,$133.15,$135.81,$131.00,"608,821"
9/10/2024,$129.78,$129.14,$130.12,$128.41,"391,572"
9/9/2024,$131.91,$132.25,$132.89,$130.93,"343,188"
9/6/2024,$131.14,$133.89,$134.06,$130.58,"393,672"
9/5/2024,$130.89,$131.56,$132.63,$130.54,"531,031"
9/4/2024,$134.53,$133.89,$134.89,$133.72,"337,488"
9/3/2024,$136.26,$138.37,$138.62,$135.84,"394,002"
8/30/2024,$139.16,$138.44,$139.74,$137.85,"499,530"
8/29/2024,$137.52,$136.26,$137.88,$135.80,"442,402"
8/28/2024,$134.48,$134.69,$135.15,$134.11,"681,608"
8/27/2024,$135.18,$134.24,$135.49,$133.83,"363,191"
8/26/2024,$135.30,$135.12,$135.64,$134.62,"299,257"
8/23/2024,$136.97,$136.50,$137.12,$135.93,"250,510"
8/22/2024,$136.88,$137.35,$138.47,$136.15,"389,610"
8/21/2024,$134.96,$135.17,$135.56,$133.47,"320,617"
8/20/2024,$135.81,$135.25,$136.30,$134.54,"358,737"
8/19/2024,$135.25,$135.00,$136.10,$134.97,"307,954"
8/16/2024,$134.89,$135.44,$135.67,$134.68,"367,166"
8/15/2024,$137.57,$136.61,$137.65,$135.55,"490,451"
8/14/2024,$134.42,$132.57,$134.81,$132.27,"417,177"
8/13/2024,$133.57,$131.56,$134.24,$131.56,"588,361"
8/12/2024,$129.89,$131.09,$132.02,$129.56,"596,817"
8/9/2024,$133.47,$130.36,$134.61,$130.21,"965,411"
8/8/2024,$128.17,$126.17,$128.34,$123.22,"1,542,131"
8/7/2024,$119.23,$122.01,$123.56,$118.81,"1,694,661"
8/6/2024,$130.12,$128.66,$131.25,$128.45,"852,356"
8/5/2024,$126.00,$123.00,$127.41,$122.75,"1,011,035"
8/2/2024,$127.49,$129.63,$130.13,$126.86,"904,264"
8/1/2024,$132.46,$132.22,$134.27,$131.10,"636,892"
7/31/2024,$132.63,$132.80,$132.89,$131.64,"764,187"
7/30/2024,$129.23,$131.01,$131.65,$127.59,"731,316"
7/29/2024,$128.05,$127.92,$129.48,$127.39,"621,569"
7/26/2024,$126.73,$126.80,$128.24,$126.36,"649,581"
7/25/2024,$127.86,$129.00,$129.94,$126.37,"1,186,141"
7/24/2024,$131.60,$132.23,$132.90,$130.93,"704,836"
7/23/2024,$133.28,$133.56,$134.62,$133.03,"399,025"
7/22/2024,$133.18,$131.89,$133.26,$131.88,"535,170"
7/19/2024,$131.54,$132.60,$133.46,$131.30,"723,114"
7/18/2024,$129.99,$134.55,$134.72,$126.83,"1,276,019"
7/17/2024,$135.42,$136.25,$136.61,$134.43,"1,046,029"
7/16/2024,$140.87,$142.00,$142.19,$140.62,"385,668"
7/15/2024,$141.39,$143.25,$143.48,$141.07,"426,918"
7/12/2024,$142.08,$141.75,$143.47,$141.69,"404,222"
7/11/2024,$139.79,$142.00,$142.38,$138.85,"634,013"
7/10/2024,$142.74,$139.85,$142.79,$139.71,"517,157"
7/9/2024,$140.43,$140.75,$141.29,$139.10,"696,815"
7/8/2024,$143.07,$142.18,$143.69,$142.18,"521,125"
7/5/2024,$142.37,$140.81,$142.86,$140.37,"692,743"
7/3/2024,$138.87,$141.24,$141.52,$136.02,"1,219,291"
7/2/2024,$142.98,$141.27,$143.30,$139.06,"845,570"
7/1/2024,$145.42,$143.71,$145.98,$143.71,"639,130"
6/28/2024,$142.74,$144.35,$145.56,$142.67,"628,059"
6/27/2024,$144.49,$143.86,$145.35,$143.43,"505,114"
6/26/2024,$143.67,$145.44,$145.61,$142.80,"793,237"
6/25/2024,$146.91,$145.32,$148.14,$144.73,"876,640"
6/24/2024,$142.28,$141.75,$142.65,$141.51,"482,419"
6/21/2024,$141.96,$141.36,$142.54,$141.22,"551,490"
6/20/2024,$140.99,$141.50,$143.56,$140.84,"603,670"
6/18/2024,$140.80,$141.02,$141.70,$139.81,"373,450"
6/17/2024,$140.37,$142.00,$142.11,$140.34,"602,518"
6/14/2024,$142.50,$142.30,$143.18,$141.89,"498,747"
6/13/2024,$142.49,$142.78,$142.90,$141.17,"677,596"
6/12/2024,$143.26,$143.41,$144.49,$142.03,"465,692"
6/11/2024,$141.79,$141.91,$142.92,$141.03,"875,977"
6/10/2024,$143.63,$141.87,$143.93,$141.29,"659,970"
6/7/2024,$142.88,$143.57,$143.73,$142.27,"525,169"
6/6/2024,$142.40,$141.21,$142.92,$140.91,"548,733"
6/5/2024,$141.00,$141.50,$142.36,$140.08,"607,926"
6/4/2024,$139.92,$136.35,$139.94,$135.87,"870,490"
6/3/2024,$135.62,$133.75,$136.61,$133.71,"638,569"
5/31/2024,$135.28,$135.08,$135.83,$133.78,"654,904"
5/30/2024,$132.80,$133.60,$134.57,$132.78,"518,746"
5/29/2024,$132.68,$132.52,$133.13,$132.07,"554,390"
5/28/2024,$134.08,$134.53,$134.53,$132.75,"592,237"
5/24/2024,$136.04,$134.50,$136.70,$134.27,"456,646"
5/23/2024,$135.57,$136.46,$137.21,$135.13,"557,316"
5/22/2024,$134.03,$133.29,$134.64,$132.77,"464,264"
5/21/2024,$135.16,$133.44,$135.46,$133.44,"596,075"
5/20/2024,$132.91,$131.64,$133.62,$131.00,"499,429"
5/17/2024,$131.89,$131.99,$132.04,$130.89,"451,902"
5/16/2024,$133.04,$133.13,$133.66,$132.49,"501,231"
5/15/2024,$134.66,$132.92,$134.79,$132.92,"680,024"
5/14/2024,$132.92,$131.90,$132.99,$131.30,"496,150"
5/13/2024,$132.41,$131.22,$133.50,$130.50,"1,009,112"
5/10/2024,$128.42,$129.09,$130.27,$128.33,"651,567"
5/9/2024,$128.66,$127.44,$128.79,$126.97,"367,091"
5/8/2024,$126.69,$127.51,$128.43,$126.62,"638,465"
5/7/2024,$127.29,$126.53,$127.79,$126.38,"717,616"
5/6/2024,$124.59,$122.00,$124.63,$121.81,"636,980"
5/3/2024,$123.05,$123.44,$123.60,$121.33,"960,282"
5/2/2024,$124.02,$127.55,$127.55,$123.84,"1,318,338"
5/1/2024,$129.21,$127.50,$130.12,$127.50,"883,095"
4/30/2024,$128.31,$127.80,$130.46,$127.50,"1,168,830"
4/29/2024,$126.88,$127.32,$127.96,$126.54,"385,357"
4/26/2024,$126.85,$126.12,$127.90,$126.12,"699,651"
4/25/2024,$125.79,$123.53,$125.85,$123.26,"791,489"
4/24/2024,$126.16,$126.95,$127.31,$125.37,"564,972"
4/23/2024,$128.64,$126.58,$128.76,$126.36,"718,625"
4/22/2024,$125.26,$122.57,$126.23,$122.57,"518,039"
4/19/2024,$122.71,$123.61,$124.53,$122.48,"722,291"
4/18/2024,$122.75,$123.44,$124.10,$122.52,"522,034"
4/17/2024,$124.53,$125.00,$125.21,$123.30,"476,632"
4/16/2024,$123.45,$123.00,$124.24,$121.80,"676,016"
4/15/2024,$123.90,$125.56,$126.05,$123.54,"581,416"
4/12/2024,$124.51,$126.92,$127.05,$124.35,"612,882"
4/11/2024,$125.40,$125.50,$125.86,$124.14,"524,813"
4/10/2024,$124.93,$123.39,$125.25,$123.26,"719,989"
4/9/2024,$124.86,$126.17,$126.74,$124.22,"614,297"
4/8/2024,$127.46,$127.00,$127.58,$125.99,"590,677"
4/5/2024,$125.86,$124.69,$126.17,$124.67,"743,604"
4/4/2024,$123.96,$126.90,$127.48,$123.77,"4,006,827"
4/3/2024,$126.99,$125.47,$128.13,$125.39,"716,615"
4/2/2024,$126.46,$125.00,$126.67,$124.08,"908,192"
4/1/2024,$127.55,$129.09,$129.09,$127.16,"618,489"
3/28/2024,$128.40,$128.25,$130.15,$127.79,"701,434"
3/27/2024,$128.05,$128.33,$128.62,$127.31,"1,164,671"
3/26/2024,$129.41,$130.10,$130.10,$128.46,"725,165"
3/25/2024,$129.05,$129.00,$130.22,$128.71,"700,006"
3/22/2024,$128.76,$129.38,$129.44,$128.13,"627,210"
3/21/2024,$129.83,$129.00,$131.06,$127.12,"905,422"
3/20/2024,$130.36,$131.15,$131.42,$128.85,"792,903"
3/19/2024,$131.37,$132.04,$132.14,$130.51,"907,894"
3/18/2024,$132.89,$131.57,$133.73,$131.09,"693,777"
3/15/2024,$132.37,$133.88,$134.00,$131.86,"714,097"
3/14/2024,$134.58,$135.85,$135.92,$133.87,"592,135"
3/13/2024,$133.49,$134.54,$135.50,$132.70,"950,891"
3/12/2024,$135.11,$131.55,$135.12,$131.47,"1,050,709"
3/11/2024,$131.24,$133.27,$133.50,$130.75,"916,399"
3/8/2024,$133.07,$133.84,$134.81,$131.12,"1,507,137"
3/7/2024,$135.92,$133.13,$138.25,$132.88,"2,284,808"
3/6/2024,$124.75,$124.36,$125.17,$123.36,"743,814"
3/5/2024,$124.65,$126.25,$126.77,$123.98,"923,689"
3/4/2024,$127.95,$127.06,$128.77,$126.99,"1,281,882"
3/1/2024,$124.23,$122.74,$124.43,$122.27,"765,013"
2/29/2024,$119.77,$120.14,$120.27,$118.91,"895,590"
2/28/2024,$121.54,$122.00,$122.13,$120.95,"541,180"
2/27/2024,$122.23,$120.13,$122.56,$119.85,"1,262,444"
2/26/2024,$123.49,$123.34,$124.15,$122.81,"625,397"
2/23/2024,$123.45,$123.76,$124.17,$122.92,"665,704"
2/22/2024,$124.52,$123.07,$124.86,$123.01,"583,518"
2/21/2024,$120.93,$118.92,$120.98,$118.39,"680,742"
2/20/2024,$121.45,$124.70,$124.76,$120.74,"731,840"
2/16/2024,$124.01,$122.03,$124.63,$121.55,"1,025,295"
2/15/2024,$121.75,$122.74,$123.14,$121.10,"986,352"
2/14/2024,$123.29,$120.47,$123.34,$120.41,"904,588"
2/13/2024,$119.99,$119.71,$120.53,$119.44,"798,144"
2/12/2024,$120.53,$120.42,$120.84,$119.30,"876,144"
2/9/2024,$121.20,$120.00,$121.63,$119.49,"779,151"
2/8/2024,$118.39,$118.00,$118.62,$117.52,"656,234"
2/7/2024,$118.66,$117.08,$119.61,$116.83,"1,053,295"
2/6/2024,$117.61,$118.47,$118.68,$116.67,"926,921"
2/5/2024,$118.26,$116.39,$118.60,$116.30,"1,079,734"
2/2/2024,$113.70,$114.14,$114.60,$113.25,"993,961"
2/1/2024,$115.79,$114.00,$115.86,$113.34,"1,182,339"
1/31/2024,$114.74,$112.71,$116.11,$112.49,"1,484,148"
1/30/2024,$109.02,$109.14,$109.29,$108.47,"881,401"
1/29/2024,$109.02,$108.20,$109.02,$107.71,"747,211"
1/26/2024,$108.07,$106.57,$108.20,$106.42,"825,165"
1/25/2024,$105.68,$105.50,$105.69,$104.81,"404,121"
1/24/2024,$105.21,$106.59,$107.03,$105.21,"508,978"
1/23/2024,$105.37,$103.70,$105.48,$103.41,"581,623"
1/22/2024,$105.49,$106.32,$106.60,$105.49,"647,226"
1/19/2024,$106.96,$107.19,$107.89,$106.54,"746,748"
1/18/2024,$107.55,$106.16,$107.66,$105.92,"578,478"
1/17/2024,$106.68,$106.32,$107.11,$105.56,"648,969"
1/16/2024,$106.35,$106.86,$107.01,$105.87,"596,948"
1/12/2024,$107.16,$106.94,$107.46,$106.73,"548,069"
1/11/2024,$106.69,$108.31,$108.69,$105.99,"1,018,265"
1/10/2024,$108.67,$107.93,$108.76,$107.70,"868,492"
1/9/2024,$106.95,$106.49,$106.97,$105.72,"721,484"
1/8/2024,$106.40,$106.36,$106.54,$105.28,"721,695"
1/5/2024,$105.98,$106.73,$107.19,$105.74,"686,903"
1/4/2024,$107.63,$105.11,$108.97,$105.07,"1,292,255"
1/3/2024,$103.62,$102.19,$103.84,$102.06,"671,218"
1/2/2024,$102.11,$101.87,$102.63,$101.74,"647,028"
12/29/2023,$103.45,$103.55,$103.67,$102.73,"477,205"
12/28/2023,$103.47,$104.50,$104.98,$103.47,"441,106"
12/27/2023,$103.68,$102.66,$103.80,$102.35,"461,180"
12/26/2023,$102.68,$102.56,$103.13,$102.50,"447,173"
12/22/2023,$102.71,$103.16,$103.56,$102.58,"442,824"
12/21/2023,$103.48,$102.80,$103.48,$102.58,"710,288"
12/20/2023,$101.31,$101.20,$102.87,$101.19,"981,815"
12/19/2023,$99.99,$99.54,$100.60,$99.54,"725,417"
12/18/2023,$98.98,$99.49,$99.80,$98.59,"780,889"
12/15/2023,$97.10,$97.53,$97.53,$96.54,"1,102,606"
12/14/2023,$98.00,$98.52,$98.73,$96.96,"879,264"
12/13/2023,$98.90,$97.00,$98.93,$96.87,"981,706"
12/12/2023,$96.21,$95.11,$96.33,$94.98,"599,029"
12/11/2023,$96.65,$96.43,$97.08,$94.74,"854,125"
12/8/2023,$96.64,$96.40,$97.02,$96.22,"652,450"
12/7/2023,$96.81,$97.25,$97.25,$95.75,"707,952"
12/6/2023,$97.59,$99.25,$99.26,$97.59,"574,569"
12/5/2023,$99.63,$99.37,$99.87,$98.92,"618,114"
12/4/2023,$100.92,$100.52,$101.14,$99.59,"567,015"
12/1/2023,$100.40,$101.10,$101.75,$100.31,"855,145"
11/30/2023,$101.84,$101.49,$101.99,$101.01,"619,849"
11/29/2023,$102.00,$101.56,$102.30,$100.86,"604,183"
11/28/2023,$101.43,$101.87,$102.25,$101.03,"803,190"
11/27/2023,$103.87,$104.79,$105.41,$103.72,"918,680"
11/24/2023,$105.45,$104.27,$105.69,$104.15,"796,518"
11/22/2023,$103.26,$103.06,$103.71,$102.18,"426,177"
11/21/2023,$102.78,$103.36,$103.61,$101.89,"743,862"
11/20/2023,$103.59,$101.50,$103.73,$101.50,"1,034,196"
11/17/2023,$101.39,$101.12,$101.70,$100.55,"624,166"
11/16/2023,$99.53,$98.76,$99.63,$98.19,"772,431"
11/15/2023,$96.43,$98.30,$98.78,$96.00,"1,236,069"
11/14/2023,$99.20,$99.70,$99.78,$98.58,"664,283"
11/13/2023,$100.78,$99.56,$101.96,$97.77,"1,148,012"
11/10/2023,$101.19,$100.24,$101.40,$98.52,"762,424"
11/9/2023,$100.03,$100.84,$101.65,$99.79,"705,259"
11/8/2023,$101.76,$102.01,$103.25,$99.49,"1,020,748"
11/7/2023,$101.69,$100.88,$102.00,$100.59,"618,373"
11/6/2023,$101.08,$100.00,$101.50,$99.40,"588,317"
11/3/2023,$98.17,$98.68,$98.81,$96.79,"684,812"
11/2/2023,$100.93,$101.65,$102.25,$100.31,"711,697"
11/1/2023,$97.68,$97.41,$98.10,$97.00,"506,344"
10/31/2023,$96.57,$96.70,$96.78,$95.67,"585,803"
10/30/2023,$96.40,$96.73,$97.39,$95.93,"732,434"
10/20/2023,$96.29,$97.50,$98.23,$96.06,"679,563"
10/13/2023,$102.14,$101.89,$104.00,$100.59,"1,499,948"
10/6/2023,$92.12,$90.55,$92.55,$90.48,"619,735"
9/29/2023,$90.94,$92.43,$92.57,$90.62,"571,385"
9/22/2023,$91.30,$91.80,$92.61,$91.13,"564,434"
9/15/2023,$95.22,$96.75,$96.84,$95.03,"753,482"
9/8/2023,$97.70,$96.98,$98.04,$96.89,"728,332"
9/1/2023,$94.66,$93.91,$95.36,$93.67,"434,568"
8/25/2023,$93.22,$92.36,$93.54,$92.22,"325,940"
8/18/2023,$91.57,$91.37,$91.86,$90.79,"405,898"
8/11/2023,$90.80,$91.24,$91.82,$90.10,"751,946"
8/4/2023,$78.30,$78.52,$79.07,$78.20,"390,796"
7/28/2023,$78.91,$78.32,$79.03,$77.96,"422,138"
7/21/2023,$82.83,$82.11,$83.08,$82.07,"371,510"
7/14/2023,$80.07,$80.05,$80.40,$79.11,"455,710"
7/7/2023,$78.49,$79.10,$79.27,$78.49,"397,614"
6/30/2023,$80.92,$80.27,$81.04,$80.26,"445,518"
6/23/2023,$79.54,$79.25,$79.90,$79.12,"359,182"
6/16/2023,$80.65,$81.33,$81.33,$80.62,"572,688"
6/9/2023,$79.03,$78.76,$79.12,$78.49,"566,944"
6/2/2023,$78.57,$77.49,$78.79,$77.18,"537,082"
5/26/2023,$81.49,$81.82,$82.34,$81.38,"448,630"
5/19/2023,$85.27,$85.00,$85.80,$84.73,"476,060"
5/12/2023,$85.64,$85.13,$86.15,$85.13,"358,816"
5/5/2023,$81.62,$81.00,$81.87,$80.44,"490,522"
4/28/2023,$83.55,$83.20,$84.03,$82.80,"393,996"
4/21/2023,$86.33,$84.35,$86.48,$84.34,"535,964"
4/14/2023,$84.30,$84.07,$84.91,$83.91,"634,876"
4/6/2023,$79.68,$79.75,$80.45,$79.60,"427,304"
3/31/2023,$79.57,$79.28,$79.87,$79.03,"479,570"
3/24/2023,$76.38,$74.99,$76.80,$74.59,"729,166"
3/17/2023,$69.72,$69.72,$70.14,$69.55,"673,090"
3/10/2023,$70.65,$71.44,$72.01,$70.50,"485,930"
3/3/2023,$72.45,$71.71,$72.54,$71.66,"397,528"
2/24/2023,$70.80,$70.74,$70.89,$70.32,"277,566"
2/17/2023,$70.82,$70.04,$71.07,$69.89,"477,210"
2/10/2023,$69.77,$69.47,$69.99,$69.20,"308,410"
2/3/2023,$68.40,$67.84,$68.71,$67.63,"712,384"
1/27/2023,$69.05,$68.98,$69.40,$68.80,"423,262"
1/20/2023,$70.55,$70.21,$70.56,$69.88,"665,494"
1/13/2023,$68.16,$67.81,$68.41,$67.72,"499,740"
1/6/2023,$69.32,$68.51,$69.53,$68.28,"544,276"
12/30/2022,$67.67,$67.64,$67.92,$67.05,"523,350"
12/23/2022,$67.00,$66.77,$67.00,$66.47,"538,458"
12/16/2022,$66.59,$66.06,$66.83,$65.95,"802,358"
12/9/2022,$64.46,$65.16,$65.41,$64.45,"706,716"
12/2/2022,$63.45,$62.71,$63.52,$62.69,"391,778"
11/25/2022,$59.40,$59.19,$59.54,$59.10,"222,334"
11/18/2022,$56.72,$56.23,$56.91,$56.07,"371,526"
11/11/2022,$55.74,$56.39,$56.39,$54.85,"738,726"
11/4/2022,$56.21,$56.79,$56.85,$55.42,"538,762"
10/28/2022,$54.48,$54.06,$54.53,$53.87,"550,194"
10/21/2022,$52.11,$50.78,$52.38,$50.45,"638,482"
10/14/2022,$51.90,$52.43,$52.60,$51.82,"435,190"
10/7/2022,$52.03,$52.53,$52.67,$51.66,"533,986"
9/30/2022,$49.82,$50.09,$50.36,$49.79,"426,574"
9/23/2022,$48.97,$48.92,$49.24,$48.64,"421,444"
9/16/2022,$50.71,$50.77,$50.92,$50.21,"596,350"
9/9/2022,$54.27,$53.82,$54.48,$53.62,"382,686"
9/2/2022,$51.12,$51.87,$52.35,$50.81,"589,238"
8/26/2022,$54.35,$55.70,$55.87,$54.29,"540,422"
8/19/2022,$52.28,$52.18,$52.61,$51.86,"567,222"
8/12/2022,$53.75,$53.72,$53.90,$52.90,"834,968"
8/5/2022,$51.60,$52.07,$52.13,$51.06,"791,168"
7/29/2022,$58.03,$58.57,$58.62,$57.89,"534,130"
7/22/2022,$57.28,$57.34,$57.81,$57.08,"257,060"
7/15/2022,$57.12,$56.44,$57.14,$56.20,"580,814"
7/8/2022,$54.52,$53.87,$54.76,$53.77,"407,140"
7/1/2022,$55.82,$54.87,$55.87,$54.36,"460,952"
6/24/2022,$56.06,$55.88,$56.10,$55.31,"1,079,748"
6/17/2022,$52.79,$52.89,$53.30,$52.50,"688,484"
6/10/2022,$55.75,$55.51,$56.19,$55.18,"453,226"
6/3/2022,$56.21,$56.12,$56.43,$55.92,"269,800"
5/27/2022,$53.87,$52.85,$53.92,$52.85,"503,350"
5/20/2022,$53.88,$53.22,$54.10,$53.19,"896,458"
5/13/2022,$53.02,$53.00,$53.44,$52.39,"589,880"
5/6/2022,$55.68,$55.37,$56.22,$55.08,"1,037,810"
4/29/2022,$57.00,$57.24,$58.05,$56.84,"1,104,922"
4/22/2022,$55.35,$56.49,$56.51,$55.18,"488,230"
4/14/2022,$59.10,$59.54,$59.78,$59.03,"402,204"
4/8/2022,$60.28,$60.00,$60.71,$59.98,"577,340"
4/1/2022,$56.46,$55.78,$56.57,$55.70,"406,960"
3/25/2022,$53.26,$53.86,$53.88,$52.93,"401,876"
3/18/2022,$55.74,$54.38,$55.74,$54.38,"614,242"
3/11/2022,$50.63,$50.74,$51.50,$50.31,"635,514"
3/4/2022,$52.06,$50.89,$52.07,$50.89,"490,300"
2/25/2022,$51.38,$50.40,$51.61,$50.33,"653,536"
2/18/2022,$50.41,$50.94,$51.05,$50.11,"265,508"
2/11/2022,$49.46,$50.87,$50.96,$49.10,"767,474"
2/4/2022,$49.84,$50.82,$51.07,$49.60,"873,604"
1/28/2022,$48.38,$47.95,$48.46,$47.55,"390,432"
1/21/2022,$47.68,$47.98,$48.44,$47.57,"690,612"
1/14/2022,$48.16,$48.53,$49.05,$47.69,"879,218"
1/7/2022,$50.75,$50.28,$50.97,$50.27,"547,756"
12/31/2021,$56.00,$55.93,$56.46,$55.85,"380,076"
12/23/2021,$54.22,$54.33,$55.20,$54.18,"444,984"
12/17/2021,$53.73,$57.86,$58.25,$53.32,"1,344,232"
12/10/2021,$57.18,$56.72,$57.24,$56.72,"215,960"
12/3/2021,$53.54,$54.64,$54.71,$53.07,"353,388"
11/26/2021,$54.09,$54.34,$54.52,$54.00,"352,464"
11/19/2021,$56.94,$57.31,$57.47,$56.88,"306,642"
11/12/2021,$56.55,$56.55,$56.67,$56.03,"254,256"
11/11/2021,$56.71,$56.87,$56.92,$56.40,"464,774"
11/10/2021,$56.36,$56.82,$56.97,$56.19,"537,044"
11/9/2021,$57.06,$57.30,$57.33,$56.93,"320,906"
11/8/2021,$57.35,$57.60,$57.79,$56.98,"492,472"
11/5/2021,$56.71,$56.16,$56.72,$56.08,"497,354"
11/4/2021,$57.93,$57.83,$57.96,$57.29,"417,154"
11/3/2021,$57.78,$55.87,$57.84,$55.87,"1,087,994"
11/2/2021,$55.03,$55.08,$55.62,$54.94,"513,546"
11/1/2021,$54.72,$54.79,$54.94,$54.51,"361,958"
10/29/2021,$55.07,$54.70,$55.17,$54.42,"484,360"
10/22/2021,$53.01,$52.72,$53.05,$52.72,"318,194"
10/15/2021,$51.17,$50.61,$51.37,$50.53,"427,406"
10/8/2021,$49.19,$49.46,$49.56,$49.07,"280,626"
10/1/2021,$47.94,$47.83,$48.05,$47.45,"391,542"
9/24/2021,$50.35,$50.33,$50.79,$50.20,"492,116"
9/17/2021,$50.71,$50.80,$50.98,$50.47,"428,834"
9/10/2021,$49.78,$49.90,$50.15,$49.63,"356,182"
9/3/2021,$50.45,$50.18,$50.59,$49.94,"414,592"
8/27/2021,$50.94,$51.33,$51.63,$50.87,"697,394"
8/20/2021,$53.31,$53.01,$53.62,$52.95,"362,500"
8/13/2021,$51.38,$51.00,$51.51,$50.98,"287,126"
8/6/2021,$49.74,$49.24,$50.04,$49.23,"470,212"
7/30/2021,$46.30,$46.32,$46.44,$46.15,"335,458"
7/23/2021,$45.38,$44.81,$45.43,$44.65,"647,002"
7/16/2021,$44.33,$43.90,$44.39,$43.80,"349,118"
7/9/2021,$43.27,$42.89,$43.61,$42.88,"376,776"
7/2/2021,$42.41,$41.96,$42.41,$41.93,"259,998"
6/25/2021,$41.40,$41.18,$41.44,$41.06,"295,558"
6/18/2021,$41.14,$41.11,$41.24,$40.98,"410,908"
6/11/2021,$42.23,$42.13,$42.24,$41.94,"423,106"
6/4/2021,$40.48,$40.08,$40.62,$39.93,"430,824"
5/28/2021,$39.45,$39.43,$39.76,$39.43,"465,330"
5/21/2021,$40.65,$40.74,$40.80,$40.57,"394,180"
5/14/2021,$39.55,$39.50,$39.74,$39.50,"405,098"
5/7/2021,$37.83,$37.52,$37.89,$37.52,"397,070"
4/30/2021,$36.98,$37.01,$37.30,$36.97,"252,012"
4/23/2021,$37.03,$37.00,$37.07,$36.83,"284,500"
4/16/2021,$36.09,$36.09,$36.21,$35.96,"527,652"
4/9/2021,$35.06,$35.02,$35.10,$34.88,"348,348"
4/1/2021,$33.83,$34.06,$34.06,$33.72,"262,402"
3/26/2021,$33.89,$33.51,$33.89,$33.30,"404,836"
3/19/2021,$35.18,$35.43,$35.52,$35.15,"371,054"
3/12/2021,$35.51,$35.47,$35.53,$35.27,"285,002"
3/5/2021,$34.81,$34.62,$34.89,$33.98,"588,338"
2/26/2021,$35.63,$36.08,$36.12,$35.53,"454,176"
2/19/2021,$37.04,$37.17,$37.29,$36.95,"294,404"
2/12/2021,$37.91,$37.00,$37.93,$36.97,"544,368"
2/5/2021,$35.70,$35.61,$35.71,$35.40,"292,042"
1/29/2021,$34.80,$34.96,$35.01,$34.49,"421,204"
1/22/2021,$36.42,$36.06,$36.60,$35.96,"374,288"
1/15/2021,$36.02,$35.89,$36.14,$35.71,"314,956"
1/8/2021,$35.13,$35.07,$35.17,$34.87,"208,638"
12/31/2020,$34.93,$35.03,$35.05,$34.60,"240,600"
12/24/2020,$34.72,$34.89,$34.94,$34.68,"124,068"
12/18/2020,$36.90,$36.56,$36.91,$36.35,"623,838"
12/11/2020,$34.77,$34.69,$34.85,$34.60,"207,976"
12/4/2020,$33.91,$33.88,$34.09,$33.83,"282,270"
11/27/2020,$33.77,$33.27,$33.82,$33.26,"308,264"
11/20/2020,$33.80,$33.77,$34.07,$33.74,"354,698"
11/13/2020,$34.04,$34.02,$34.14,$33.98,"237,890"
11/6/2020,$35.18,$35.96,$36.01,$35.03,"730,312"
10/30/2020,$31.95,$32.45,$32.74,$31.63,"637,408"
10/23/2020,$35.37,$35.41,$35.58,$35.23,"178,644"
10/16/2020,$35.51,$35.23,$35.64,$35.20,"195,208"
10/9/2020,$36.04,$35.80,$36.14,$35.70,"475,486"
10/2/2020,$34.33,$34.32,$34.48,$34.18,"373,498"
9/25/2020,$34.53,$34.03,$34.57,$34.02,"216,488"
9/18/2020,$34.72,$34.59,$34.75,$34.39,"354,912"
9/11/2020,$33.23,$33.39,$33.50,$32.94,"239,546"
9/4/2020,$32.56,$32.63,$32.74,$32.09,"342,574"
8/28/2020,$32.92,$33.02,$33.08,$32.81,"201,218"
8/21/2020,$33.16,$33.08,$33.25,$33.00,"224,552"
8/14/2020,$32.89,$32.98,$33.11,$32.80,"273,576"
8/7/2020,$32.32,$32.25,$32.37,$32.00,"468,084"
7/31/2020,$32.67,$33.33,$33.39,$32.55,"481,462"
7/24/2020,$33.09,$33.26,$33.26,$32.91,"354,606"
7/17/2020,$33.59,$33.29,$33.69,$33.27,"383,784"
7/10/2020,$32.72,$32.89,$32.91,$32.44,"302,382"
7/2/2020,$33.18,$33.11,$33.33,$32.91,"417,388"
6/26/2020,$33.02,$33.36,$33.47,$32.91,"328,462"
6/19/2020,$33.78,$33.99,$34.00,$33.50,"602,182"
6/12/2020,$32.31,$33.03,$33.03,$31.94,"671,690"
6/5/2020,$32.25,$32.50,$32.50,$32.01,"296,620"
5/29/2020,$32.97,$32.77,$32.98,$32.21,"568,626"
5/22/2020,$32.42,$32.26,$32.43,$32.12,"299,440"
5/15/2020,$31.96,$31.96,$32.13,$31.79,"288,992"
5/8/2020,$31.38,$31.35,$31.49,$31.23,"252,862"
5/1/2020,$31.72,$32.00,$32.05,$31.43,"522,460"
4/24/2020,$32.46,$32.18,$32.52,$32.18,"305,110"
4/17/2020,$31.54,$31.24,$31.60,$31.14,"518,714"
4/9/2020,$30.00,$30.21,$30.37,$29.77,"816,708"
4/3/2020,$29.92,$29.80,$30.19,$29.63,"833,488"
3/27/2020,$28.37,$27.71,$28.81,$27.51,"1,347,504"
3/20/2020,$24.73,$26.08,$26.20,$24.62,"1,440,060"
3/13/2020,$28.36,$28.27,$28.45,$26.68,"1,205,640"
3/6/2020,$31.28,$30.78,$31.34,$30.63,"858,598"
2/28/2020,$29.07,$29.07,$29.40,$28.64,"1,885,162"
2/21/2020,$31.93,$31.87,$32.02,$31.77,"465,274"
2/14/2020,$31.73,$31.65,$31.75,$31.55,"443,876"
2/7/2020,$31.63,$31.79,$31.85,$31.60,"713,164"
1/31/2020,$30.42,$30.69,$30.69,$30.32,"617,860"
1/24/2020,$30.54,$31.02,$31.16,$30.45,"882,030"
1/17/2020,$30.66,$30.74,$30.77,$30.61,"675,796"
1/10/2020,$29.34,$29.25,$29.53,$29.19,"825,886"
1/3/2020,$28.56,$28.46,$28.70,$28.45,"776,706"
12/27/2019,$29.13,$29.31,$29.31,$29.12,"533,924"
12/20/2019,$29.00,$29.01,$29.15,$28.93,"1,117,388"
12/13/2019,$28.63,$28.53,$28.66,$28.43,"419,360"
12/6/2019,$28.37,$28.54,$28.56,$28.24,"888,256"
11/29/2019,$28.08,$28.24,$28.26,$28.02,"271,072"
11/22/2019,$27.23,$27.47,$27.49,$27.15,"825,610"
11/15/2019,$28.64,$28.77,$28.88,$28.63,"1,175,662"
11/14/2019,$28.95,$28.65,$29.01,$28.62,"1,012,636"
11/13/2019,$28.82,$28.81,$28.95,$28.69,"629,880"
11/12/2019,$28.55,$28.60,$28.71,$28.52,"578,768"
11/11/2019,$28.65,$28.70,$28.84,$28.63,"764,224"
11/8/2019,$28.94,$28.41,$28.97,$28.41,"885,080"
11/7/2019,$28.19,$28.13,$28.21,$27.98,"723,038"
11/6/2019,$28.35,$28.22,$28.37,$28.22,"536,084"
11/5/2019,$28.23,$28.26,$28.33,$28.05,"744,474"
11/4/2019,$28.37,$28.58,$28.61,$28.28,"717,134"
11/1/2019,$28.23,$27.61,$28.67,$27.56,"945,210"
10/2/2019,$24.93,$25.06,$25.08,$24.75,"1,192,196"
8/30/2019,$26.06,$26.06,$26.16,$25.94,"575,768"
7/31/2019,$23.96,$23.84,$24.30,$23.81,"750,444"
7/1/2019,$25.76,$25.80,$25.89,$25.72,"479,358"
5/31/2019,$23.60,$23.57,$23.72,$23.46,"509,888"
5/1/2019,$24.57,$24.55,$24.80,$24.36,"698,450"
4/1/2019,$26.07,$26.10,$26.23,$26.00,"449,554"
3/1/2019,$24.80,$24.84,$24.92,$24.75,"634,326"
1/30/2019,$23.53,$23.32,$23.59,$23.31,"497,872"
12/31/2018,$23.04,$22.95,$23.11,$22.93,"444,928"
11/30/2018,$23.31,$23.28,$23.33,$23.10,"563,618"
10/31/2018,$21.59,$21.65,$21.73,$21.55,"931,242"
10/1/2018,$23.28,$23.40,$23.49,$23.23,"573,002"
8/31/2018,$24.59,$24.63,$24.71,$24.48,"437,236"
8/1/2018,$24.82,$24.77,$24.90,$24.69,"918,566"
7/2/2018,$23.38,$23.11,$23.40,$23.06,"714,786"
6/1/2018,$23.92,$23.99,$24.01,$23.86,"389,704"
5/2/2018,$24.51,$25.05,$25.05,$24.48,"1,309,426"
4/2/2018,$24.21,$24.66,$24.67,$24.06,"615,948"
3/2/2018,$25.37,$25.13,$25.40,$25.06,"612,748"
1/31/2018,$27.75,$28.21,$28.24,$27.58,"647,832"
12/29/2017,$26.84,$26.96,$27.05,$26.84,"326,168"
11/29/2017,$25.66,$25.73,$25.77,$25.57,"654,492"
10/30/2017,$24.93,$24.82,$25.01,$24.77,"538,412"
9/29/2017,$24.08,$23.96,$24.09,$23.88,"799,240"
8/30/2017,$23.28,$23.26,$23.34,$23.21,"506,698"
7/31/2017,$21.20,$21.24,$21.35,$21.18,"755,708"
6/30/2017,$21.45,$21.37,$21.54,$21.33,"650,696"
5/31/2017,$21.19,$21.16,$21.26,$21.08,"984,080"
5/1/2017,$19.15,$19.22,$19.25,$19.13,"695,990"
3/31/2017,$17.14,$17.30,$17.30,$17.12,"1,368,586"
3/1/2017,$17.52,$17.48,$17.57,$17.38,"1,155,446"
1/30/2017,$17.85,$17.77,$17.93,$17.74,"1,283,922"
12/30/2016,$17.93,$17.99,$18.04,$17.86,"871,466"
11/30/2016,$16.80,$16.92,$17.00,$16.74,"2,308,316"
10/31/2016,$17.77,$17.62,$17.87,$17.57,"1,625,764"
9/30/2016,$20.80,$20.79,$20.93,$20.64,"1,944,078"
8/31/2016,$23.36,$23.54,$23.60,$23.29,"748,690"
8/1/2016,$28.53,$28.53,$28.70,$28.44,"714,068"
7/1/2016,$27.14,$27.09,$27.20,$27.05,"371,348"
6/1/2016,$28.11,$28.03,$28.20,$28.02,"482,810"
5/2/2016,$27.93,$27.75,$27.94,$27.66,"691,074"
4/1/2016,$27.47,$26.98,$27.53,$26.94,"517,908"
3/2/2016,$26.69,$26.36,$26.73,$26.36,"871,082"
2/1/2016,$27.92,$27.59,$28.02,$27.53,"804,306"
12/31/2015,$29.04,$29.15,$29.27,$29.03,"249,580"
12/1/2015,$28.10,$28.05,$28.12,$27.79,"667,266"
10/30/2015,$26.59,$26.93,$27.11,$26.58,"808,452"
9/30/2015,$27.12,$26.88,$27.23,$26.73,"1,062,912"
8/31/2015,$27.64,$28.08,$28.11,$27.57,"697,134"
7/31/2015,$29.48,$29.65,$29.66,$29.40,"510,338"
7/1/2015,$27.72,$27.73,$27.82,$27.58,"442,070"
6/1/2015,$28.47,$28.53,$28.69,$28.39,"550,922"
5/1/2015,$28.58,$28.16,$28.61,$28.16,"547,724"
4/1/2015,$27.32,$27.13,$27.33,$26.88,"683,504"
3/2/2015,$23.76,$23.82,$23.89,$23.72,"438,004"
1/30/2015,$22.28,$22.63,$22.65,$22.27,"540,744"
12/31/2014,$21.16,$21.34,$21.44,$21.13,"312,860"
12/1/2014,$22.89,$22.98,$23.00,$22.82,"713,214"
11/14/2014,$22.07,$21.90,$22.07,$21.81,"455,056"
11/13/2014,$22.01,$22.00,$22.12,$21.95,"460,242"
11/12/2014,$22.16,$22.02,$22.18,$22.01,"390,744"
11/11/2014,$22.17,$21.92,$22.18,$21.90,"468,662"
11/10/2014,$21.65,$21.54,$21.73,$21.44,"693,340"
11/7/2014,$21.85,$21.89,$21.89,$21.67,"353,858"
11/6/2014,$21.90,$22.01,$22.11,$21.86,"274,302"
11/5/2014,$22.00,$21.92,$22.12,$21.91,"444,636"
11/4/2014,$22.09,$22.07,$22.15,$21.91,"452,926"
11/3/2014,$22.06,$21.95,$22.15,$21.89,"672,514"
10/31/2014,$22.59,$22.71,$22.78,$22.55,"452,852"
10/1/2014,$23.91,$24.08,$24.08,$23.82,"402,804"
8/29/2014,$22.98,$22.89,$23.00,$22.84,"295,128"
7/30/2014,$23.21,$23.18,$23.24,$23.10,"246,592"
6/30/2014,$23.10,$22.96,$23.12,$22.94,"222,384"
5/30/2014,$21.14,$21.11,$21.20,$21.04,"321,680"
4/30/2014,$22.70,$22.61,$22.77,$22.48,"262,750"
3/31/2014,$22.83,$22.78,$22.83,$22.70,"260,616"
2/28/2014,$23.77,$23.74,$23.98,$23.68,"402,038"
1/29/2014,$18.69,$18.76,$18.76,$18.61,"380,262"
12/30/2013,$18.44,$18.36,$18.50,$18.34,"511,880"
11/29/2013,$17.87,$17.84,$17.95,$17.77,"732,070"
10/30/2013,$18.11,$18.24,$18.30,$18.10,"553,530"
9/30/2013,$16.92,$16.92,$16.99,$16.89,"504,420"
8/30/2013,$16.69,$16.78,$16.83,$16.57,"1,006,470"
7/31/2013,$16.89,$16.85,$16.99,$16.79,"1,084,530"
7/1/2013,$15.84,$15.74,$15.99,$15.70,"1,000,850"
5/31/2013,$16.11,$16.38,$16.38,$16.09,"616,820"
5/1/2013,$17.22,$17.58,$17.58,$17.19,"424,130"
4/1/2013,$16.23,$16.12,$16.27,$16.12,"392,630"
3/1/2013,$17.56,$17.53,$17.63,$17.48,"302,950"
1/30/2013,$18.51,$18.38,$18.58,$18.33,"622,120"
12/31/2012,$16.32,$16.18,$16.33,$16.16,"151,420"
11/30/2012,$15.87,$15.80,$15.94,$15.80,"951,230"
10/31/2012,$16.03,$16.17,$16.19,$16.00,"826,040"
10/1/2012,$15.87,$16.03,$16.06,$15.82,"634,370"
8/31/2012,$15.71,$15.71,$15.78,$15.64,"232,610"
8/1/2012,$15.35,$15.50,$15.50,$15.35,"625,770"
7/2/2012,$14.75,$14.42,$14.79,$14.41,"997,670"
6/1/2012,$13.08,$13.15,$13.22,$12.98,"1,055,180"
5/2/2012,$14.72,$14.57,$14.75,$14.55,"404,340"
4/2/2012,$14.58,$14.43,$14.69,$14.36,"787,790"
3/2/2012,$14.15,$14.13,$14.17,$14.10,"376,250"
2/1/2012,$12.07,$11.92,$12.13,$11.90,"461,030"
12/30/2011,$11.53,$11.54,$11.58,$11.50,"416,080"
11/30/2011,$11.36,$11.28,$11.39,$11.25,"387,680"
10/31/2011,$10.63,$10.87,$10.96,$10.63,"446,410"
9/30/2011,$9.95,$10.02,$10.12,$9.93,"587,810"
8/31/2011,$10.67,$10.65,$10.77,$10.61,"972,820"
8/1/2011,$12.11,$12.31,$12.32,$12.00,"597,720"
7/1/2011,$12.66,$12.56,$12.66,$12.46,"413,350"
6/1/2011,$12.44,$12.55,$12.63,$12.44,"469,870"
5/2/2011,$12.96,$12.83,$13.04,$12.82,"912,890"
4/1/2011,$12.57,$12.49,$12.60,$12.43,"260,520"
3/2/2011,$12.46,$12.47,$12.54,$12.43,"644,110"
1/31/2011,$11.31,$11.35,$11.38,$11.28,"652,190"
12/31/2010,$11.26,$11.22,$11.33,$11.21,"279,750"
12/1/2010,$10.14,$10.05,$10.17,$10.03,"857,900"
11/1/2010,$10.42,$10.38,$10.47,$10.37,"550,410"
10/1/2010,$9.93,$9.89,$9.93,$9.86,"488,680"
9/1/2010,$8.78,$8.81,$8.87,$8.76,"881,000"
8/2/2010,$8.84,$8.71,$8.84,$8.70,"677,000"
7/2/2010,$8.11,$8.18,$8.18,$8.08,"692,000"
6/2/2010,$7.93,$7.77,$7.94,$7.75,"968,000"
5/3/2010,$8.39,$8.38,$8.40,$8.33,"697,000"
4/1/2010,$7.82,$7.77,$7.82,$7.77,"300,000"
3/2/2010,$7.20,$7.20,$7.23,$7.17,"387,000"
1/29/2010,$6.74,$6.82,$6.83,$6.73,"693,000"
12/30/2009,$6.46,$6.40,$6.47,$6.35,"614,000"
11/30/2009,$6.67,$6.66,$6.71,$6.65,"539,000"
11/16/2009,$6.66,$6.63,$6.72,$6.61,"447,000"
11/13/2009,$6.56,$6.53,$6.57,$6.51,"843,000"
11/12/2009,$6.50,$6.52,$6.55,$6.48,"545,000"
11/11/2009,$6.57,$6.56,$6.60,$6.54,"592,000"
11/10/2009,$6.53,$6.45,$6.55,$6.45,"602,000"
11/9/2009,$6.59,$6.51,$6.60,$6.49,"284,000"
11/6/2009,$6.42,$6.39,$6.46,$6.38,"563,000"
11/5/2009,$6.46,$6.47,$6.51,$6.42,"451,000"
11/4/2009,$6.49,$6.43,$6.57,$6.42,"586,000"
10/30/2009,$6.22,$6.25,$6.30,$6.20,"565,000"
9/30/2009,$6.30,$6.27,$6.33,$6.22,"662,000"
8/31/2009,$6.10,$6.13,$6.14,$6.08,"399,000"
7/31/2009,$5.84,$5.81,$5.87,$5.79,"570,000"
7/1/2009,$5.49,$5.53,$5.55,$5.48,"1,399,000"
6/1/2009,$5.28,$5.23,$5.30,$5.23,"552,000"
5/1/2009,$4.79,$4.85,$4.86,$4.75,"1,756,000"
4/1/2009,$5.01,$4.91,$5.05,$4.89,"4,029,000"
3/2/2009,$4.62,$4.71,$4.73,$4.60,"1,871,000"
1/30/2009,$5.31,$5.34,$5.42,$5.29,"2,222,000"
12/31/2008,$5.14,$5.17,$5.17,$5.06,"1,046,000"
12/1/2008,$4.93,$4.98,$5.11,$4.92,"1,848,000"
10/31/2008,$5.35,$5.23,$5.41,$5.20,"1,701,000"
10/1/2008,$5.29,$5.23,$5.34,$5.19,"808,000"
8/29/2008,$5.56,$5.71,$5.71,$5.52,"2,344,000"
7/30/2008,$6.17,$6.23,$6.24,$6.14,"726,000"
6/30/2008,$6.60,$6.58,$6.62,$6.56,"1,199,000"
5/30/2008,$6.53,$6.56,$6.57,$6.52,"705,000"
4/30/2008,$6.87,$6.82,$6.92,$6.80,"1,023,000"
3/31/2008,$6.92,$6.77,$6.96,$6.76,"1,127,000"
2/29/2008,$6.84,$6.87,$6.91,$6.82,"944,000"
1/30/2008,$6.10,$6.02,$6.16,$6.00,"1,290,000"
12/31/2007,$6.49,$6.61,$6.61,$6.48,"413,000"
11/30/2007,$6.37,$6.39,$6.42,$6.33,"744,000"
10/31/2007,$6.23,$5.90,$6.24,$5.90,"1,372,000"
10/1/2007,$6.19,$6.09,$6.21,$6.09,"874,000"
8/31/2007,$5.59,$5.57,$5.61,$5.53,"344,000"
8/1/2007,$5.29,$5.31,$5.32,$5.23,"642,000"
7/2/2007,$5.52,$5.53,$5.55,$5.51,"912,000"
6/1/2007,$5.25,$5.27,$5.29,$5.23,"390,000"
5/2/2007,$5.26,$5.18,$5.28,$5.17,"1,108,000"
4/2/2007,$4.54,$4.52,$4.54,$4.51,"494,000"
3/2/2007,$4.26,$4.27,$4.28,$4.24,"824,000"
1/31/2007,$4.29,$4.25,$4.32,$4.25,"1,572,000"
12/29/2006,$4.18,$4.15,$4.20,$4.15,"426,000"
11/29/2006,$3.85,$3.84,$3.85,$3.83,"430,000"
10/30/2006,$3.74,$3.73,$3.75,$3.71,"704,000"
9/29/2006,$3.73,$3.72,$3.73,$3.71,"300,000"
8/30/2006,$3.69,$3.66,$3.71,$3.66,"836,000"
7/31/2006,$3.08,$3.09,$3.10,$3.08,"310,000"
6/30/2006,$3.18,$3.17,$3.19,$3.15,"526,000"
5/31/2006,$3.11,$3.11,$3.13,$3.10,"448,000"
5/1/2006,$3.23,$3.25,$3.26,$3.23,"478,000"
3/31/2006,$3.10,$3.11,$3.12,$3.10,"1,212,000"
3/1/2006,$2.98,$2.97,$2.99,$2.97,"552,000"
1/30/2006,$2.82,$2.80,$2.83,$2.80,"1,226,000"
12/30/2005,$2.82,$2.80,$2.82,$2.80,"578,000"
11/30/2005,$2.68,$2.68,$2.70,$2.68,"222,000"
10/31/2005,$2.58,$2.57,$2.58,$2.56,"754,000"
9/30/2005,$2.48,$2.48,$2.49,$2.47,"502,000"
8/31/2005,$2.59,$2.56,$2.59,$2.56,"550,000"
8/1/2005,$2.59,$2.60,$2.61,$2.59,"418,000"
7/1/2005,$2.55,$2.56,$2.57,$2.54,"304,000"
6/1/2005,$2.61,$2.60,$2.63,$2.60,"662,000"
5/2/2005,$2.51,$2.51,$2.51,$2.48,"1,106,000"
4/1/2005,$2.79,$2.79,$2.80,$2.78,"374,000"
3/2/2005,$2.84,$2.81,$2.84,$2.80,"594,000"
1/31/2005,$2.67,$2.64,$2.69,$2.64,"928,000"
1/31/2005,$2.67,$2.64,$2.69,$2.64,"928,000"
12/31/2004,$2.71,$2.74,$2.74,$2.71,"132,000"
12/1/2004,$2.69,$2.66,$2.69,$2.66,"204,000"
11/17/2004,$2.60,$2.61,$2.63,$2.60,"250,000"
11/16/2004,$2.56,$2.57,$2.58,$2.56,"260,000"
11/15/2004,$2.61,$2.61,$2.61,$2.60,"230,000"
11/12/2004,$2.63,$2.61,$2.63,$2.61,"388,000"
11/11/2004,$2.65,$2.62,$2.66,$2.62,"244,000"
11/10/2004,$2.63,$2.65,$2.65,$2.61,"296,000"
11/9/2004,$2.64,$2.63,$2.65,$2.62,"146,000"
11/8/2004,$2.66,$2.66,$2.67,$2.65,"214,000"